1,마법사,The Magician,"힘, 성공, 시작, 능력있는","힘이 부족한, 무모한, 무능력한, 활동적이지 못한, 불안정한, 거짓말","마법사 카드는 최초라는 의미의 숫자 1번을 부여 받은 카드로 숫자 1번은 시작을 의미하며, 새로운 것이 생겼다는 의미이기 때문에  창의성과 열정을 가지고 있습니다. 또한 화려한 장미의 정원에서 지팡이, 컵, 칼, 동전 이라고 하는 4대 원소를 모두 가지고 있는 마법사는 4가지 원소를 다루어 이를 바탕으로 창조의 힘을 발휘, 무한한 가능성을 가지고 있습니다.","새로운것을 시작할 때, 의지를 가지고 실천하면 계획을 현실화 시킬 수 있을것입니다. 또한 뛰어난 말재주, 뛰어난 이해력으로 일을 능숙하게 실행할 수 있을것입니다.",집중력이 떨어지거나 실행에 옮기지 않을 경우가 많습니다. 또한 상대에 따라 의견이 쉽게 바뀔 수 있고 심한 경우 사기를 당할 수 있어 주의하는것이 좋습니다.,1,0
2,여사제,The High Priestess,"영적인, 비밀스러운, 지성적인","물질적인, 정신적인 불안정, 표면적인, 그릇된",이 카드의 주인공은 여대사제입니다. 가장 큰 뜻은 정신적인 힘(inner wisdom)입니다. 입고 있는 옷을 보면 귀한 사람이며 TORA라고 써 있는 두루마리 즉 성경을 들고 있어 이 율법으로부터 나오는 권위가 연상된다. 이것을 보면 지적인 실력자이며 자신이 맡은 일을 완벽하게 처리하는 것을 알 수 있습니다. 그리고 단호한 위엄과 큰 포용력을 가지고 있으며 의무감과 책임감이 강합니다. 또한 이 카드에는 숨겨진 영향력(hidden influence)라는 의미가 있습니다. 그러한 영향력 때문에 불확실한 미래를 나타내기도 하지만 정신적인 능력을 갖춘 사람이니 어떤 상황에서도 중심을 잃지 않고 냉정한 판단을 내릴 수 있을것입니다. 그녀의 머리에 있는 달은 여성성을 상징합니다.,꿈을 꾸었다면 예지몽일 경우가 있습니다. 현명함과 판단력으로 적절한 상황판단을 얻을 수 있으며 감성을 쉽게 드러내지 않는것이 좋을 것 입니다.,인내심이 부족해 공격적으로 행동할 수 있으며 잘못된 판단으로 편견을 가질 수 있으니 주의하는것이 좋습니다.,1,0
3,여왕,The Empress,"풍요, 성취, 여성성, 아름다움","빈곤, 실패, 감정의 부정적인 면, 욕구불만","풍성한 보리밭, 안락한 소파 위에 비스듬히 앉아 있는 임신한, 혹은 풍만한 여제는 풍족함, 풍요로움을 상징한다. 만물의 생명의 근원인 여제는 남성의 억제된 여성적 특징을 내포하기도 합니다. 그녀는 물질적인 풍요로움과 욕구에 대한 만족을 말하기도, 과도한 풍요로 인한 나태와 권태로움을 상징하기도 합니다. 또한 여성적인 지혜와 모성애를 암시하고 있고 사람에 대한 포용력과 관용이 있습니다.",,"가난해 질 수 있으며, 빚지거나 배신당할 수 있으니 주의해야합니다. 질투심이나 우울증, 불안이 올 수 있고 폭음, 폭식, 절제없는 낭비를 할 수 있으니 주의해야 합니다.",1,0
4,황제,The Emperor,"권력, 리더, 성공, 강인함, 후원자","독단적, 무능력, 무력한, 폭력적인","단단한 갑옷을 입고 붉은 망토를 두르고 있는 남성은 지배를 상징하는 황제카드로 일을 진행하는 강한 추진력이 있고, 항상 준비되어 있으며, 타인을 통솔할 수 있는 카리스마를 가지고 있습니다. 힘들게 올라온 자리인 만큼 자신이 무엇을 해야 하는지 잘 알고 있어 어떤 일이든지 미적거리지 않는 단호함을 가지고 있습니다. 목표 달성을 위해 정열을 불태우고 고군분투함에 자연스럽게 권위와 명예가 따라올 것 입니다.","부와 힘, 권력을 얻어 신뢰할 수 있는 리더가 되어 최고의 자리에 올라가 존경받게 됩니다. 탄탄한 미래가 있고 존경받는 사람으로 실천력과 행동력이 뛰어날 것입니다. 또한 사람과의 관계가 안정될것이며 의지할수 있는 사람이 나타날 것 입니다.",자기중심적이며 고집이 세고 과욕을 부릴 수 있습니다. 자신의 감정을 조절하는것이 중요하며 자신감을 상실할 수 있으니 주의하세요. 추가로 경영 부진이나 상대에게서 권위적이고 강압적이거나 난폭한 일을 당할 수 있으니 주의하시는 것이 좋습니다.,1,0
5,교황,The Hierophant,"가르침, 자비, 질서, 전통적인, 관계","신용문제, 관계가 끝남, 답답한, 물질적인","교황은 마법사와 마찬가지로 인간과 신의 세계를 연결해주는 매개체역할로, 한 손엔 황금색 지팡이를 다른 한 손은 3개의 손가락을 펴고 있어 신뢰감이 강하고 부드러운 카리스마가 있습니다. 그의 발 밑에 2개의 황금열쇠가 겹쳐 있고, 2명의 사람이 바라보고 있다는 것은 추종자가 따라다니며 상대에게 좀 더 체계적인 방법을 제시해 신뢰를 받는 안내자이자 정신적인 지도자로서의 존재라는 것입니다. 교황의 큰 뜻은 가르침, 양식, 원조로 전통을 잇는다는 뜻도 있고 논리, 도덕관념 등의 뜻도 내포 하고 있습니다. 교황은 미완의 상태를 완성하는 힘을 의미해 안정적이며 되도록 공평하게 일을 처리합니다. 그러나 반대로 자신의 내면을 타인에게 드러내지 않아 자신을 속박하고 고립시키는 결과를 초래하기도 합니다.","교육적인 면에서 깊은 학식을 가진 믿음직한 조언자가 나타날 것 입니다. 친절함, 배려, 도덕 등을 지키는것이 좋고, 새로운 관계가 생기거나 계약이 성공적으로 이루어 질 것입니다.",신용 평판이 낮아질 수 있으며 주위에서 반대나 배신을 당할 수 있으니 조심하세요. 지나치게 물질에 얽매이지 말고 자신의 의견을 강요하는것은 좋지 못합니다.,1,0
6,연인,The Lovers,"사랑, 선택, 즐거움","방해, 대화의 단절, 변심, 선택의 어려움","한 쌍의 연인과 천사가 그려져 있는 이 카드 속 두 사람은 운명적으로 만나 솔직한 연인이고, 아름답고 평화로운 관계입니다. 머리 위 천사와 큰 태양은 귀인이라고 하는 누군가에게 보호받고 있으며, 축복을 받고 있음을 알 수 있습니다. 하지만 복숭아 나무와 뱀의 의미가 합쳐져 유혹과 불안이 따라다닐 수 있으므로 남성과 여성, 육체적인 것과 정신적인 것 사이의 복잡 미묘한 갈등이 있습니다. 서로에 대한 확신과 사랑을 완성하기 위해서는 상대방에 대한 믿음을 요구되는 카드로,  인내와 끈기가 필요합니다.",운명적인 만남을 기대할 수 있고 서로 사랑에 빠질 수 있습니다. 선택에 기로에 섰을 때 유혹을 이겨내면 올바른 선택을 할 수 있습니다.,이별이나 실연을 할 수 있고 라이벌의 방해로 삼각관계가 있을 수 있습니다. 거짓말에 속거나 배신을 당할 수 있으니 주의하세요.,1,0
7,전차,The Chariot,"승리, 적극적인 행동, 이동, 자신감","패배, 침해, 불균형, 성급",전차카드는 바람을 가르고 달리는 젊은 왕자의 용맹스런 모습을 상징합니다. 갑옷을 잘 차려 입은 남자는 스핑크스가 모는 전차 위에 당당하게 서 있으며 사회적으로 어느 정도 위치에 있는 부유하고 풍요로우며 위풍당당한 남자입니다. 추진력과 리더십이 있어 조직운영을 잘합니다.,"목표를 달성할 수 있는 좋은 시기입니다. 라이벌을 이기거나 소송에 승리할 수 있습니다. 자신감을 가지고 적극적인 행동을 가지는것이 좋으며 여행을 떠나거나 전근, 출장, 이사 등의 이동이 있을 수 있습니다.",시험에 떨어지거나 어떤 일에 대해 실패하거나 거절당할 수 있습니다. 성급하게 덤벙거리지 않고 차분히 행동하는것이 좋습니다.,1,0
8,힘,Strength,"자신감, 인내, 극복, 통제력","분노, 폭력적, 나약함, 부족","하얀 옷에 장미화관을 두른 여인이 사나운 사자를 마치 강아지를 어루만지듯이 다루고 있습니다. 즉, 사자를 다루는 그녀는 용기가 있다는 것으로 부드럽고 순종적이지만 내면이 아주 강한 사람이라는 걸 의미합니다. 머리 위 뫼비우스의 띠의 의미 또한 위의 사람이나 강한 사람을 무력인 아닌 지혜와 부드러움으로 다를 수 있음을 뜻합니다.",자신감과 인내를 가지면 압박을 이겨낼 수 있습니다. 자신이나 상대방 또는 상황이나 본능을 조절하는것이 중요합니다.,분노가 폭발해서 싸움이 일어날 수 있습니다. 자신이 무기력해지거나 의지박약으로 고생할 수 있으니 조심하세요.,1,0
9,은둔자,The Hermit,"고독, 탐구, 깨달음, 신중","물질적, 미숙, 폐쇄적","흰 설산 위에 회색의 옷을 머리까지 뒤집어 쓴 하얀 수염의 할아버지가 한 손에는 등불을, 다른 한 손에는 기다란 막대기를 들고 서 있습니다. 수염은 인생의 깊이, 많은 경험을, 지팡이는 지식을 말하는데, 이 카드의 상징입니다. 깨달음을 얻기 위해선 자신의 경험과 지식을 바탕으로 스스로 대답을 찾아내야 한다는 점 그러기 위해선 고독을 참고 홀로 감춰진 진실을 밝혀낼 수 있어야 한다. 은둔자는 고독을 통해 새로운 형태의 관계성을 찾게 되는데 자신만의 세계를 찾거나 기존 관계를 새롭게 바라보는 계기가 됩니다.",고독으로 자신을 알아가는데 좋은 시기 입니다. 여러 공부와 연구를 통해 더 크고 깊은 해답을 찾을 수 있을 것입니다. 자신이 조언자나 빛을 찾는 사람들에게 올바른 안내를 해 주는 사람이 되어있을 수 있습니다.,"돈이나 권력 등 너무 물질적인것에 신경쓰다 중요한 것을 놓쳐버릴 수 있습니다. 본인의 어리석음이나 경솔한 결정, 행동으로 인해 가야할 길을 잃을 수 있으니 조심하십시오.",1,0
10,운명의 수레바퀴,Wheel Of Fortune,"운명, 전환점, 행운, 향상","문제, 불운, 어긋남","운명의 수레바퀴는 회전하는 운명과 동시에 금전을 상징하는가 하면 판단을 좋아하는 바퀴 위의 스핑크스는 아직 기회를 얻지 못했으며, 카드에 그려진 네가지 상징은 타로 그 자체를 말하고 있습니다. 운명의 변화기에 대처하기 위해서는 어떻게 해야 하는가를 묻고 있는 카드입니다. 만물은 시간의 흐름을 따라 변화한다. 행복 뒤에는 불행이 있고, 살아있는 모든 것들은 언제가 죽음을 맞이합니다. 영원한 것은 이 세상에 없는 법, 찬스와 전환점을 의미하는 이 카드는 모든 사물의 변화와 순환을 뜻하며 현재 상태에서 어떤 큰 운기가 작용하고 있음을 나타냅니다.","운명적인 만남이나 일을 만날 수 있습니다. 이것은 알아서 다가오는 기회로 전환점이 될 수 있으며 좋은 기회가 될 것입니다. 진전, 승진을 기대할 수 있습니다.",일이 틀어지거나 악화되는 등 문제에 대해 앞이 막혀 진행이 어려울 수 있습니다. 상황이 악화되거나 사고가 날 수 있으니 조심하는것이 좋습니다.,1,0
11,정의,Justice,"균형, 정직","불공정, 부정행위","한 손에는 이중성을 나타내는 양날이 있는 검이 있으며, 다른 한 손에는 인생에서 때로는 상충되는 요소들 사이에서 균형과 조화를 찾기 위하여 사용되는 저울이 있습니다. 또한 왕관을 쓰고 있는 그는 지혜와 뛰어난 머리를 가지고 있고 상황판단 능력도 좋습니다. 질서, 예의 체면을 중시하는 그는 재력과 명예를 가지고 있으며 이성적이고 건전한 사고를 가지고 있습니다. 공정함, 균형, 정의를 상징하는 이 카드는 좌우, 선악, 두 사람의 애정 등 두 사물의 무게가 완벽한 평행을 이루고 있음을 추구하며 어떤 상황에서도 공정한 눈으로 바라볼 것이 요구됩니다. 이 카드는 이해되어야 할 사항은, 반드시 어떠한 선택을 해야 할 상황은 아니라는 것입니다. 오히려 인생에 있어서의 '혼란을 대체할 평화'를 가져다 줄 더 많은 중용(中庸)과 평형을 결정하기 위하여, 불균형과 과도한 영역을 돌아다 보아야 한다는 것입니다.","마음의 평정을 얻어 올바른 판단을 할 수 있을것입니다. 법률이나 재판에 관련된 일이 있으면 승소하거나 좋은 일이 있을것이며, 도덕적이고 책임감있고 정직하게 행동하는것이 좋습니다.","실패하거나 잘못된 판단을 하기 쉬워질 것입니다. 불공정하거나 부정행위를 할 수 있으며, 법적으로 좋지 않은 일이 일어날 수 있으니 주의하는것이 좋습니다.",1,0
12,매달린 남자,The  Hanged Man,"정체, 시련의 시간, 인내","인내부족, 자기중심적, 실패","발목을 징계의 밧줄로 묶어서 거꾸로 매달린 남자의 표정은 고통은 없고, 오히려 시련을 감수하고 헌신을 결심한 자만이 맞는 묘한 정적을 풍깁니다. 또한 순수함과 천진난만함을 암시하는 밝고 노란 후광(後光)이 머리 뒤를 감싸고 있습니다. 이 카드는 명예로운 자기희생과 누명, 처형 등의 복합적인 의미를 가지고 있는데, 카드 속 남자는 더 높은 이상을 실현하기 위하여 희생의 길을 선택한 사람으로 움직일 수 없는 역경 속에서 얻어질 진실이라는 것이 분명 있을 것이라고 확신하고 있습니다.","상황이나 사람에 의해 구속될 수 있으며 과도기나 침체, 슬럼프 방해 등 일에 구속될 수 있습니다. 꼼짝할 수 없는 상황에 있는 경우가 많으며 참고 기다리면 해결될 것 입니다.",인내에 한계가 오거나 발상의 전환이 안되어 노력이 수포로 돌아가거나 돌이킬 수 없는 손실이 있을 수 있습니다. 외부의 방해로 일이 더 커질 수 있으니 주의하세요.,0,0
13,죽음,Death,"전환, 종결, 불행","어중간한 상태, 침체","길 위에 지위 고하를 막론하고 사람들이 죽어가고 있으며  그 사이를 검은 갑옷을 입은 백골의 남자가 지나가고 있습니다. 두려울 법도 하지만, 오른쪽을 보면 태양이 떠오르고 있기에 현재의 암울한 상황이 지나고 새로운 변화가 올 것으로 해석할 수 있습니다. 또한 백골의 기사는 죽음의 사신을 나타내지만 이는 육체적인 죽음이 아닌 자신이 가지고 있던 오래된 사고의 틀, 습관의 형식에서 벗어남을 의미하기도 합니다. 그러므로 이 카드의 키워드인 종말은 지금 상황이 종료되고 새로운 국면에 접어들기 위해선 끝이 필요함을 의미하므로 나쁜 의미로만 받아들일 필요는 없다는 것입니다.",퇴사나 이직 등의 변화가 있을 수 있지만 끝이 아닌 새로운 시작으로 터닝포인트가 될 수 있습니다. 육체적 질병을 얻을 수 있으니 주의하시길 바랍니다.,과거에 집착해 연연하여 손해를 볼 수 있습니다. 어떤 일을 끝내지도 못하고 시작도 못하는 상황에 있을 수 있고 그 일로인해 계속되는 손해가 있을 수 있으니 주의하세요.,0,0
14,절제,Temperance,"절제, 조화, 관계, 편안함","대립, 자기중심적, 불균형, 강한 욕망","하얀 옷에 붉은 날개를 가진 천사가 양 손에 두 개의 잔을 들고 조심스럽게 물을 옮기고 있습니다. 물은 모든 생물의 중요한 맥으로 한쪽은 고인 물, 다른 한쪽은 신성한 물로 보이며,  천사는 이에 끝없이 갈아 부어 반복해 정화를 하고 있는 것으로 보입니다. 물은 상호교류, 주고 받는 것을 의미하고 천사는 그 힘의 순수성을 의미하는데 물을 옮겨 정화를 시키는 과정에서는 조심스러움이 필요하기에 무언가를 만들어 낼 때는 시간이 걸리고 인내심과 절제력이 있어야 함을 알려주는 것입니다. 그리고 그 과정에서 순수함과 균형, 평온함을 잃지 않고 고양하는 자세가 중요함을 말해주는 카드입니다.",절제와 인내가 필요하며 좋은 절충안을 찾으면 좋을 것입니다. 그 사람과 마음이 통해 좋은 관계로 발전할 수 있으며 평온함과 안정됨을 얻을 수 있습니다. ,서로의 주장으로 인한 대립으로 불화나 내분이 일어날 수 있으며 불규칙한 생활으로 게을러지거나 쓸데없는 낭비를 할 수 있으니 주의하세요.,1,0
15,악마,The Devil,"욕망, 중독, 타락, 실패, 종속","회복, 풀려남, 강한 의지, 주도","악마 카드의 이미지를 보면 커다란 악마가 한 손에는 횃불을 꺼꾸로 들고 다른 한 손은 쫙 펴고 있습니다. 그리고 악마의 쇠사슬에 목이 묶여 있는 사람들의 꼬리엔 불꽃과, 포도송이가 있습니다. 이것은 욕망을 부추겨 이성을 마비시키는 힘을 상징합니다. 즉, 악마는 위협적이지만 사실은 인간들에게 어떠한 물리적 힘도 가하지 않고 있으며, 인간들은 실재하지 않는 쇠사슬에 이성을 잃고 공포나 탐닉, 일탈, 충동 등에 사로잡혀 나약하게 스스로를 속박하고 있는 것입니다. 우리는 때때로 우리가 외부의 어떠한 힘에 의하여 조종을 당한다는 생각으로 절망하기도 하지만 그 쇠사슬은 우리 자신 스스로가 만든 것이며 기만과 무기력으로 쇠사슬을 위조하고 있는 것입니다. 욕망을 나타내는 이 카드는 욕심과 집착, 의지박약과 나태함, 또는 한 곳에 빠져 맹목적인 상태를 뜻하기도 하므로 이러한 상황에서 빨리 탈출하도록 경고하고 있습니다.",물질적 탐욕이나 강한 집착을 조심하고 무엇에 의존하지 않도록 주의해야 합니다. 생각하고 있던 것들이 실패하거나 포기하게 될 수 있습니다. 또 빚을 지거나 배신을 당할 수 있으니 주의해야 합니다. ,욕심을 내려놓으면 유혹을 뿌리칠 수 있습니다. 오랜 고뇌에서 해방되고 실패하던것이 회복될 수 있습니다. ,0,1
16,탑,The Tower,"돌발적 변화, 파멸, 관계의 변화, 폭로","좋지 않은 상황, 대립, 불운. 뜻밖의 변동","이 카드 속 탑은 칠흑 같은 암흑 속에서 권세를 뽐내듯이 지어진 궁전으로 인간이 접할 수 있는 가장 높은 경지 혹은 인간이 부과 권력을 믿고 신들의 신성한 신전을 흉내 내어 지어진 궁전을 뜻합니다. 여기서 갑작스러운 천둥 벼락을 맞아 붕괴의 위기에 처해 있는 모습은 커다란 재난이 다가오고 있음을 경고하는 것으로 이러한 변화에 당황하고 갈피를 잡지 못하는 상태가 됨을 의미하는데, 지금의 위치에서의 부와 권력, 야망, 자만심 등을 훈계하고 적신호를 보내는 것입니다. 아무리 해도 피할 수 없는 사건, 혹은 큰 변화이므로 이로부터 도망치지 말고 현재의 상태를 개선하기 위한 신중한 대처가 요구됩니다.","갑작스러운 이별이나 계획의 붕괴, 사건사고, 실연, 오래된 신념의 철저한 파괴, 비밀이 폭로되는 등 여러 안좋은 일이 있을 수 있으니 조심하는것이 좋습니다.","뜻밖의 문제로 타격을 입을 수 있습니다. 압박이나 내분, 사기, 거짓말 등의 좋지 않은 상황이 계속되고 오해나 싸움이 일어날 수 있지만 회복이 가능한 정도이니 걱정하지 마세요. 불행한 상황에 갇히거나 파산 직전의 손해를 볼 수 있으니 조심하세요. ",0,0
17,별,The Star,"꿈을 이루다, 믿음, 영감, 행운","절망, 무기력, 욕심, 불안","반짝이는 별들은 방향을 가르쳐 주는 나침반이자 편안함과 꿈을 제공하는 희망의 상징이기도 합니다. 그리고 한 나체의 여성이 들고 있는 항아리로부터 물을 붓고 있는 모습은 때묻지 않은 순수한 꿈이나 희망이 연달아 솟아나고 있음을 암시합니다. 물은 무의식의 세계이자 이상의 세계이고, 땅은 의식의 세계이며 현실의 세계를 표현합니다. 또한 카드 속 별이 반짝이는 밤하늘이 우주의 광대함을 느끼게 하는가 하면 의미가 포괄적이고 장대하여 실행하는 것도 그리 만만치 않다. 하지만 스스로가 가리키는 방향이 옳으니, 열정과 노력으로 자신의 별을 따라가면 큰 꿈과 비전이 구체화되거나 현실로 이룰 수 있습니다. 또한 신념이 있어 어둠 속에 희망의 등불이 되고자 혹은 사람들에게 힘이 되고 싶어합니다. 낙척적이고 긍정적이나 이 때문에 현재의 어려운 상황을 간과할 우려도 있습니다.",긍정적인 생각으로 자신을 믿고 생활하다보면 미래에 좋은 징조가 있을 것입니다. 좋은 기회가 오거나 해답을 얻거나 좋은 아이디어가 떠올라 꿈과 희망을 이룰 수 있습니다.,현실과 이상의 차이로 희망이 없다고 느끼고 불안해서 자신감을 잃을 수 있지만 충분히 이겨낼 수 있을 것입니다.,1,1
18,달,The Moon,"숨겨진, 속임수, 불안한, 두려움","모면, 인식, 나아지는","달빛에 길은 희미하게 보이긴 하지만 불명확한 시야 때문에 불안하고 멀게만 느껴지기 마련입니다. 이 카드는 이러한 인간의 불안 심리와 상황을 표현하는 것입니다. 그 막막하고 어두운 길을 지나가기 위해선 카드 속에 보이는 개와 늑대의 사이를 지나가야 하는데 이는 피할 수 없는 시련을 상징하는 것으로 그 안에 배신과 책략이 있을 수 있다는 의미로도 해석할 수 있습니다. 더불어 그 사이에 있는 가재는 겉은 강하지만 속은 물렁한 모습에서 약한 자신의 내면을 숨기기 위해서 강한 척 하는 모습을 나타내고 있습니다. 태양의 힘을 빌려 빛을 내는 달은 불길함과 기대감이라는 두 가지 측면을 담고 있는데불안과 초조함을 보여주기도 하지만, 급격한 변화로 인하여 영광과 흥분을 맛보게 되리라는 예시를 보여주기도 합니다. 이에 저 멀리 어둠의 저편에 보이는 2개의 탑은 빛의 세계로의 출구로, 매일 변하는 달의 모습처럼 언제 변화하는 것들에 대한 불안과 불신 있어도 멈춰 서거나 뒤돌아 보지 않고 그곳을 향해 꿋꿋하게 계속 걸어 나가는 것이 중요함을 가르쳐주고 있습니다.","배신을 당할 수 있고 애매모호 한 상황에 처할 수 있습니다. 거짓말에 당하거나 눈속임, 사기를 당할 수 있으니 주의하는것이 좋습니다. 삼각관계가 될 상황이 높고 쉽게 동요되는 상황이 많을 것 입니다.",위기를 모면해 손해를 살짝 피해 갈 수 있으며 어떤 문제에 대한 해답을 찾을 것입니다. 또 어떤 상황이 점점 나아질 것이고 힘든 시기가 지나면 가야할 길이 보일것입니다. ,0,1
19,태양,The Sun,"활기, 행복, 성공","불확실, 불행, 불안","이 땅 위의 모든 생명의 근원으로서 태양 카드는 축복과 신성, 생명의 원천 그 자체를 의미합니다. 때문에 이 카드는 건전하고 에너지 가득한 육체와 정신, 목표를 향한 명확한 의지로 만족스러운 인간관계 등 번영의 모든 것을 나타내고 있는 긍정적인 카드입니다. 반면 화관을 쓰고 한 손에는 붉고 긴 천으로 만들어진 깃발을 들고 선 백마 위에 올라 타 있는 어린아이는 기쁨과 힘과 영혼의 순수함을 나타내지만 그 순진무구한 성품 때문에 철이 없거나, 실수, 상처를 받을 수 있음을 나타내기도 합니다. 연인과 부부 사이에서 이 카드는 출산 카드로 불리우기도, 직업운으로 보면 '백마' 라는 자신을 도와주는 능력 있는 존재의 상징이 성공을 이끌어주거나 '역마'의 의미로 해외운이 있기도 합니다. 그 외에도 시험에서는 합격, 횡재, 사업의 경우라면 잘 풀릴 수 있습니다.",의욕이 넘치고 충만한 에너지로 앞날에 좋은쪽으로의 발전이 있을 것입니다. 한 대상과 행복한 시간 또는 만족을 이룰것이고 약속된 성공과 물질적인 성취가 함께 할 것입니다.,자꾸 일들이 미뤄지고 미래가 불확실하며 중요한 약속이 깨질 가능성이 높습니다. 계획이 틀어지거나 병에 걸리거나 해고 될 수 있으니 주의하세요. 의기소침 해 질 수 있고 금전적으로 불안해져서 과민반응해 신경질적으로 대응하는 경우가 많아 질 수 있으니 항상 조심하세요.,1,0
20,심판,Judgement,"변화, 각성, 재출발","실패, 부진, 이별",최후의 심판 전에 기독교의 부활을 모티브로 한 카드로 여기서 천사는구원 소식의 전달자이고  천사의 나팔소리를 향해 관 속 사람들은 환영하며 부활하고 있습니다. 천사의 나팔소리는 기쁜 소식을 뜻하는 것으로 고민이 있었다면 머지않아 해결될 징조입니다. 이에 지혜롭고 용기 있는 결단의 때가 찾아왔다는 것.  신념을 가지고 지금 결단하지 않으면 더 큰 미래는 없기에 무엇보다 중요한 것은 결과를 두려워하지 말고 용기를 내어 결단하는 것입니다. 더불어 이 카드의 붉은 십자가는 심판과 구원의 상징으로 머리로 재지 말고 인내심을 갖고 믿고 하늘의 뜻에 맡기면 그 결과 이상 높은 꿈은 이루어지고 결국 자유를 얻게 됩니다.,"좋은 소식이 있을 것 같습니다. 자신의 재능에 대해 알아차리거나 정신, 육체적으로 좋은 변화가 있을 것 같습니다. 또한 재출발하기 좋은 기회입니다.","과거 안좋았던 일들에 대해 좋지 않은 소식이 있을 것 같습니다. 포기하거나 심하면 실직, 관계의 끝까지 올 수 있으니 주의하는것이 좋습니다. 과거에 구애받고 결단을 쉽게 내리지 못해 옛 것에 집착하지 않는것이 좋겠습니다.",1,0
21,세계,The World,"완성, 이동, 외국","무력함, 불완전, 좌절","이 카드는 임무의 완성과 여행의 끝, 순환?주기의 완료를 나타내는 것으로 월계수 모양의 타원 중앙에 춤추고 있는 듯한 여성은 임무를 달성한 것에 기뻐하고 있다. 더불어 월계수 모양의 타원 밖에 있는 생물체들은 이것이 끝이 아니라 또 다른 세상이 기다리고 있다는 것을 의미합니다. 이 카드가 상징하는 것이 성취, 달성, 완성 등 좋은 의미를 지니고 있지만 이를 받아 들일 때 반드시 좋은 결과로만 한정할 순 없습니다. 즉, 이것이 소원이 이루어진다고 말하기 보다는 지금까지 행해온 것들이 최종국면을 맞이하고 있다는 것으로 파악하는 편이 좋습니다. 좋은 결과 건 나쁜 결과 건 합리적인 조화를 갖춘 결론이라는 의미에 가깝습니다. 때문에 더 이상 전전되지 않거나 혹은 변화가 일어난다면 또다시 출발점으로 돌아와 하나부터 다시 새로운 과정을 쌓아 나가야만 합니다.","모든것이 준비되어 완벽한 결과가 나올 것 입니다. 여행이나 장소의 이동으로 인해 해외사업이나 무역, 이민 또는 여행에 성공과 목표달성, 행운 등을 얻게됩니다. ",미완성으로 비전이 없거나 계획이 성취되지 않으며 부진한 경우가 생길 수 있습니다. 슬럼프에 빠지거나 변화를 받아들이지 못하고 멈추거나 실망에 빠져 혼자 지내지 않도록 조심하세요.,1,0
22,광대,The Fool,"시작, 가능성, 믿음, 낙천주의","정지, 끝, 어리석음, 불안정한, 능력없는, 부주의","타로 카드의 첫 번째에 나오는 것으로서 새로운 출발을 나타냅니다. 낡은 옷을 입은 젊은이가 절벽의 끝을 막 내디디려고 하고 있습니다. 자발성, 활력은 넘치지만 깊이와 경험은 부족한 그는 절벽의 위험도 모르는 듯 천하태평 하군요.",새로운 시작을 의미하며 가능성이 보입니다. 만약 걱정하는 상황이라면 걱정과 근심을 떨쳐낼 수 있을것입니다. 긍정적인 결과를 기대해도 좋을 것 같네요.,"일, 관계가 끝나거나 어리석은 선택을 할 수 있으며 쉽게 속을 수 있고 슬럼프에 주의해야 할 것입니다.",1,0
23,완드 에이스,Ace of Wands,"시작, 탄생, 능력, 힘","끝, 잘못된 시작, 고갈","구름 속에서 손이 나타나며 지팡이를 들고 있습니다. 지팡이가 가지는 불의 성질과 Ace의 긍적적인 내용이 융합된 카드로 열정, 순수한 창조적인 에너지를 나타냅니다. 이 카드는 잠재된 창조력, 열정 등이 구름을 뚫고 나와 표면으로 드러나게 됨을 의미하므로 활동의 시작, START와 연결하여 해석할 수 있습니다.","창업, 입학, 취직, 관계에 있어 새로운 시작이 될 것입니다. 새로운 생명의 탄생이나 새로운 발명, 창조에 있어 긍정적으로 기대해도 좋을 것 같습니다.","의지박약, 에너지 고갈 등으로 인해 일이 완성하지 못하고 끝나버리거나 목표가 실현되지 않거나 계획이 무산되는 등의 일이 있을 수 있으니 주의하세요.",1,0
24,완드 2번,Two of Wands,"성공, 선택, 신중, 여행","불안, 큰 고독, 상실, 혼란",미래의 가능성을 나타내는 지구본을 들고 깊은 생각에 잠겨있는 한 남자가 성벽에 홀로 서 있습니다. 옆에는 그가 성취한 것을 나타내는 지팡이도 있습니다. 미성숙하지만 곧 성숙해질 수 있는 모습을 나타냅니다. 보다 창조적인 면이 필요함도 나타냅니다.,승진 및 목표달성같은 성공을 위해서 여러 선택의 기로가 나타날것입니다. 미래 계획을 확실히하고 목표를 신중하게 생각하여 행동하시는 것이 좋습니다.,불안과 초조함으로 계획이 틀어질 수 있습니다. 자신에게 소중한것이나 건강 또는 자신감을 잃을 수 있으며 혼란에 빠지지 않도록 조심해야 할 것입니다.,1,0
25,완드 3번,Three of Wands,"성공, 인도, 재능, 비즈니스","실패, 어려움, 자만심, 실망","조용하고 위엄있는 사람이 등을 돌린 채로 벼랑 끝에 서서 바다 위로 지나가는 배들을 지켜보고 있습니다. 세 개의 지팡이가 땅에 꽂혀 있으며, 그는 그 중 하나에 몸을 살짝 기대고 있다.","사업 협상, 노력 등에 좋은 일이 있지만 이를 달성하기 위해서 시간이 걸릴 것 입니다.",어떤 문제가 실패하거나 중단되어 실망스러워 질 수 있습니다. 무리한 계획은 지양하는것이 좋으며 자만심과 거만함에 방심하지 않도록 주의하세요.,1,0
26,완드 4번,Four of Wands,"기쁨, 로맨스, 승리, 즐거움","기쁨, 로맨스, 승리, 즐거움","네 개의 커다란 지팡이가 땅에 세워져 있고 그 위에 거대한 화환이 올려져 있습니다. 두 여인이 작은 꽃다발을 위로 들고 있고, 옆에는 해자 위의 다리는 옛날 영주의 집으로 향하고 있습니다.","표면적인 의미의 기쁨, 평화, 수확, 번영, 행복감이 있을 것 입니다. 이것이 풍요로운 결실이 되어 큰 문제의 성공적 해결으로 이어져 즐거운 일이 일어날 것입니다.","표면적인 의미의 기쁨, 평화, 수확, 번영, 행복감이 있을 것 입니다. 이것이 풍요로운 결실이 되어 큰 문제의 성공적 해결으로 이어져 즐거운 일이 일어날 것 입니다. 하지만 결실의 시간이 조금 걸리고 불편함이 있을 것 입니다.",1,1
27,완드 5번,Five of Wands,"싸움, 경쟁, 혼란, 장애물","실질적 싸움, 내면의 갈등 분출, 분리","다섯명의 젊은이들이 각기 다른색의 옷을 입고 긴 막대기를 휘두르며 서로 싸우고 있는 것처럼 보입니다. 하지만 그들의 표정은 심각하지 않으며, 아무도 다치지 않았습니다. 막대기는 서로 부딪치고 있지만, 상대방에게 치명적 일격을 가하고 있지는 않습니다. 이 카드는 치열한 싸움이나 전투는 아니지만 의견 분쟁이나 사소한 말다툼 같이 금방 끝날 수 있는 의견 충돌을 나타냅니다.","서로 싸움이 일어날 수 있으며(소송, 논쟁) 사랑이나 큰 행운이 있은 후 서로 다툴 수 있습니다. 어떤 문제에 얽히거나 귀찮은 일이 계속해서 생겨 자기 마음속의 혼란이 있어 그것이 복잡하게 얽히지 않도록 조심하세요.",여태 참았던 일들이 사소한 다툼이되어 큰 싸움으로 번질 수 있습니다. 이 싸움 뒤에는 그 사람과의 관계회복이 불가능하게 되니 주의하세요.,0,0
28,완드 6번,Six of Wands,"성취, 좋은 결과, 보상","늦어짐, 불안감, 자만심, 잘못된 상황",사람들의 환영을 받으며 승리의 월계관을 쓴 사람이 말을 타고 있습니다. 창조적인 면과 직관력이 발휘되어 조화롭고 안정됨을 나타냅니다.,"승리, 승진, 목적달성 등 좋은 소식을 기대해 볼 만 합니다. 노력에 대한 대가와 결과에 대한 보상도 있을 것 입니다.",일정이 연기되거나 지연되며 실패에 대한 두려움으로 좌절 할 수 있으니 주의하세요. 과거의 성공으로 인한 자만심을 가지지 않게 주의하는 것이 좋습니다.,1,0
29,완드 7번,Seven of Wands,"자신감, 극복, 상황, 성공, 힘","걱정, 좋지 않은 상황, 불안, 실패","한 젊은이가 높은 언덕에서 지팡이를 휘두르고 있으며, 여섯 개의 다른 지팡이가 아래로부터 그를 향해 들어 올려지고 있습니다. 표면적으론 여섯 개가 하나를 공격하고 있지만 젊은이가 유리한 고지를 점유하고 있으므로 용맹을 의미합니다.",자신이 유리한 위치에 있는 상황입니다. 자신감있게 도전하고 용기있게 맞서면 실패할것도 성공하고 힘든 상황을 극복해 낼 수 있을것입니다. ,여러 일들이 일어나 난처하고 당황스러운 상황이 올 것입니다. 자신의 걱정에 아무것도 못하고 끝나버릴 가능성이 있기 때문에 조심하는것이 좋을 것 같습니다.,1,0
30,완드 8번,Eight of Wands,"이동, 행동, 갑작스러움, 빠른, 좋은느낌","지연, 쇠퇴, 부정적인 힘","이 카드는 고정된 것을뚫고 지나가는 움직임을뜻합니다. 날아가는 지팡이들이 공개된 땅을 통과하고 있습니다. 직관, 창조적인 모습을 바탕으로 자신이 보다 새로워짐을 나타냅니다.","놀라울 정도로 일이 잘 풀리거나 갑작스러운 연락이 올 수 있습니다. 이것이 좋은 방향, 좋은 기회로 올 경우가 많습니다. 이사나 여행, 어떤 행동을 취할 때의 적기이니 잘 참고하면 좋을 듯 합니다.",일이 지연되거나 무산되는 등 타이밍을 놓쳐 발전하지 못하고 제자리 걸음을 걸을 수 있습니다. 좋지 않은 소식이나 무소식이더라도 진취적인 결단력이 필요해 보입니다.,1,0
31,완드 9번,Nine of Wands,"기다림, 힘, 방어 ,상처","장애, 좋지않은 상황, 건강의 적신호",머리에 투쟁으로 인한 상처를 감싸고 있는 붕대를 한 젊은이가 지팡이로 자신의 영역을 지키는 모습입니다. 조금만 노력하면 자신의 직관적이면서도 창조적인 능력을 한 단계 높일 수 있음을 나타냅니다.,어려움을 벗어나게 해줄 도움을 기다릴 수 밖에 없는 상황일 것입니다. 자신의 것을 지키려고 방어적인 자세를 취하지만 본인에게 상처가 되어 자신을 오픈하지 않을 수 있으니 주의하세요. 이것에 저항할 수 있는 용기와 정신력이 필요 할 것입니다.,힘든 상황에서 문제가 발생하여 상황이 나쁘게 흘러갈 수 있습니다. 싸움에서 패배하거나 재난이 닥치거나 건강이 매우 악화될 수 있으니 주의하세요. 아무리 기다려도 도움을 줄 무언가가 없으니 본인이 조금 더 용기를 가지고 해쳐나가야 할 것입니다.,0,0
32,완드 10번,Ten of Wands,"힘듬, 어려움, 노력, 압박","포기, 실패, 헤어짐",외소한 젊은이가 자신에게 부담스러울 정도의 지팡이를 나르고 있습니다. 보다 직관적이지 못하고 창조적인 모습이 부족하여 시련에 빠짐을 나타냅니다.,주변 상황의 지나친 압박으로 자신이 혼자서 모든것을 해결해야 하는 부담감을 얻게 될 수도 있습니다. 성공에 대한 압박감과 부담감을 가지고 성취를 위한 노력을 하면 좋은 결과가 있을 것 입니다. 하지만 자신의 능력을 초과하는 것을 욕심내지 않게 조심하세요.,"지금까지 해온 일을 필사적으로 노력하지만 압박감으로 인해 실패로 돌아가게 될 수 있습니다. 너무 많은것을 하려 하지 말고 또 한꺼번에 하려 하지 않는게 좋습니다. 주변 사람과의 이별, 이혼, 배신, 별거가 따라올 수 있습니다.",0,0
33,완드 시종,Page of Wands,"전달, 열정적인, 호기심, 믿을 수 있는, 임시 수입","좋지않은 소식, 지출, 좋지않은 성격, 경솔한","한 젊은이가 무언가를 선언하는 듯한 자세로 서 있습니다. 그는 알려진 인물이 아니지만 믿음직스러우며, 낯선 소식을 전해줍니다.",주위에서 신뢰를 얻어 믿음직하고 충실한 사람이 되어 있을 것입니다.,"좋지 않은 소문이나 나쁜 소식이 있을 수 있습니다. 예상밖의 지출이나 주식, 투자 실패가 있을 수 있으니 조심하시고 좋은 사람인 척 하는 경우가 있을 수 있습니다. 경솔한 말을 하지 않게 주의해야 합니다.",1,0
34,완드 기사,Knight of Wands,"이동, 도전적인, 성격, 매력","멀어지는 관계, 실패, 좋지 않은 성격","여행을 떠나는 길인 것 같으며, 짧은 지팡이를 들고 있고, 갑옷을 입고 있지만 호전적인 목적을 가지고 있지는 않은 것 같습니다. 그는 고분이나 피라미드를 지나고 있습니다.","이사나 여행, 전근, 전학 등의 이유로 이동이 있을 수 있습니다. 새로운 도전을 하는 자신감과 강한 의지가 있으면 성공할 수 있을 것입니다.",일이 중단되거나 서로간의 사이에 분열이나 불화가 있을 수 있습니다. 갑자기 큰 돈이 나가거나 제 멋대로 하다가 실패하는 일이 있을 수 있으니 주의하세요.,1,0
35,완드 여왕,Queen of Wands,"능력있는, 활동적, 매력","믿을 수 없는, 불같은 성격, 좋지않은 성격","지팡이를 들고 있는 여왕은 사람들에게 영감을 선사하며 재능, 창조적, 자기확신을 갖고 있는 사람입니다. 다재다능한 그녀를 많은 이들이 부러워합니다. 창조적이면서 자비롭고 부드러운 모습을 나타내는 카드입니다.","당당하게 자신감을 갖고 활동적인 커리어 우먼으로 어디를 가도 사람들이 좋아할 것이며 파티, 모임에서 관심의 대상이 될 것입니다. ",자신을 교묘하게 속여서 조종하려는 사람이 있을 수 있습니다. 속임에 당하거나 거짓말이나 배신당할 수 있으니 조심하세요. 이러한 일을 당했다면 반드시 복수하려고 할 것입니다. 자기중심적이고 고집이 센 경우가 나올 수 있으니 주의하세요.,1,0
36,완드 왕,King of Wands,"지도력, 지적인, 창조적인","독단적인, 엄함, 싸움","새롭고 기발한 생각이 가득한 왕이 창조력과 직관의 상징인 지팡이를 들고 있습니다. 예감이나 판단력이 뛰어나고 정렬적이며 낙천, 관대한 그런 왕입니다. 다만, 실용적 현실적인 문제는 무심하다고 합니다. 충만한 의지와 결단력에 창조력과 직관력이 조화를 이룸을 나타냅니다.",자신을 이끌 수 있는 지도자를 만나거나 한 집단의 리더가 되어 모든 이들을 잘 이끌어갈 것입니다. 생각이 깊고 직관력이 뛰어나고 머리가 비상하고 새로운 전략이나 혁신적인 창조를 얻을 수 있을 것입니다.,지도자에 대한 욕심이 독불장군이나 편중된 사고로 이어질 수 있으니 주의하세요. 주변 사람들을 위축시키는 정도의 엄격함은 오히려 자신을 해칠 수 있고 싸움이 일어날 수 있습니다.,1,0
37,펜타클 에이스,Ace of Pentacles,"물질적 만족, 번영, 육체적 만족, 물건","욕심, 손실, 물건을 잃음",구름 속에서 나온 손 위에 5각형의 별 그림이 그려진 황금 금화가 빛을 발하며 올려져 있습니다. 그리고 비옥한 땅 위에는 식물들이 잘 잘라고 있는 것으로 보아 물질적으로 안정되어 있는 상태를 의미합니다. 또한 여기에 Ace(숫자1)이 더해져 최고의 시작임을 보여줍니다. 펜타클 카드는 정신적인 면보다도 현실성이 강하고 물질적인 필요를 상징하며 시간으로는 몇 년(years)을 의미합니다.,"사업의 확대, 번창이나 새로운 수입이 생겨 경제적 안정을 찾을것입니다. 물질적인 부와 영적인 부의 조합으로 완벽함을 기대해도 좋을 것 같습니다.",낭비나 예상치 못한 손실로 인해 기회를 놓칠 수 있습니다. 이 대상에 너무 욕심을 가지지 않는것이 좋습니다.,1,0
38,펜타클 2번,Two of Pentacles,"즐거움, 불안정한, 대응, 두가지 일","불안정한 생각, 실패, 요령, 인간관계 악화","한 젊은이가 양손에 오각별을 하나씩 들고 춤을 추고 있으며, 그 두 오각별은 넘어진 8모양의 끝없는 줄로 연결되어 있습니다. 이 카드는 현재는 불안정한 시기지만 주인공이 갖고 있는 무한한 능력으로 미래의 성공을 기약합니다. ",오락과 관련된 유쾌함과 즐거운 분위기가 있을 수 있습니다. 하지만 다른 한 편으로는 두가지 일을 동시에 진행하거나 양자택일을 해야하는 상황이 올 수 있습니다.,유유부단하게 시간을끌다 두 마리의 토끼를 모두 놓칠 수 있으니 주의하세요. 요령을 피우다 발목이 잡히거나 배신을 당하고 사이가 안 좋아지는 등 안좋은 일이 일어날 수 있으니 주의하세요.,1,0
39,펜타클 3번,Three of Pentacles,"기능, 평판, 합심","부족, 모자람, 불일치",기술자가 두 사람에게 자신이 하고 있는 작업에 대한 의논을 하고 있습니다. 작업은 마무리 단계이고 최종 다듬질에 대한 얘기를 하는 것 같습니다. 이는 꾸준한 노력으로 인한 현실적인 성취를 목전에 두고 있음을 나타냅니다. ,숙련된 기술을 습득해서 명성이나 인정을 받아 승진할 기회가 있을 것입니다. 팀워크로 다른 이들과의 동업으로 목표를 달성할 것입니다.,기술 발휘의 부족이나 숙련 및 경험 부족으로 인해 실수를 할 수 있으니 주의하는것이 좋습니다. 서로간의 의견이 엇갈려 합의가 안 되는 상황이 일어 날 수 있으니 주의하세요.,1,0
40,펜타클 4번,Four of Pentacles,"욕심, 금융, 좋지 않은 성격","불편한 마음, 물질적인 불안정한 상황, 좋지 않은 상황",관을 쓴 남자가 머리 위에 오각별을 지고 또 하나의 오각별을 손과 팔로 꼭 쥐고있습니다. 두 개의 오각별은 그의 발 아래에 있습니다. 누구에게 베풀 생각 같은건 전혀 없어보입니다. 현실에 너무 충실하여 자신만의 세계에 빠질 수 있음을 나타냅니다.,물질에 대한 집착이나 소유욕이 강해 질 수 있습니다. 돈이 들어올 것이지만 앞서 말했듯이 돈에 대한 집착이 더욱 강해지므로 조심하는것이 좋겠습니다.,물질적인 집착으로 인해  불안과 걱정이 생기며 이러한 집착 때문에 오히려 기회를 놓치는 등 경제적 손실이나 손해를 볼 수 있습니다. ,0,0
41,펜타클 5번,Five of Pentacles,"빈곤, 근심, 안타까운 상황","곤란한 상황, 극복",교회 창문 밑에 두 명의 돈 한푼 없는 걸인이 있습니다. 외소하고 쓸쓸해 보이는 이들은 자신들 머리 위에 교회의 불빛을 보지 못하고 잇습니다. 교회의 불빛은 희망의 불빛을 나타냅니다. 너무 현실에 충실하여 여유롭지 못해 기회를 놓칠 수 있음을 나타냅니다.,"금전적인 부담과 갈등, 물질적 결핍, 정신적 빈곤 상태로 인해 걱정이나 스트레스가 많을 것입니다. 하지만 제 3자의 개입이 불가능한 상황이고 좋은 기회가 올 때 놓치지 않고 기회를 잘 잡으시는것이 좋습니다.",돈이 없어 곤란한 상황이지만 제 3자의 개입이나 본인의 노력하겠다는 의지로 극복해 낼 수 있을 것입니다.,0,1
42,펜타클 6번,Six of Pentacles,"관용, 원조, 공정함","이기주의, 시기, 채무, 불공정",어떤 부유한 남자가 가난한 사람들에게 한손에 저울을 들고 돈을 공평하게 분배하고 있는 모습입니다. 친절하며 자비롭군요. 자신이 얻은 행운을 공유하는 것 같습니다. 풍족한 현실이 넓은 시야를 만들어 성숙하고 사려깊은 마음을 갖게 됨을 나타냅니다.,주변에 호의와 친절을 베풀면 그 만큼의 대가가 본인에게 돌아올 것입니다.,열심히 일해도 돌아오는것이 없지만 그렇다고 해서 물질에 대한 큰 욕심은 버리는것이 좋습니다. 주변에서 질투나 시기를 얻거나 금전쪽에서 빚을 지는 등 문제가 생길 수 있으니 주의하세요.,1,0
43,펜타클 7번,Seven of Pentacles,"성장, 부지런한 노력, 금전, 보물","걱정, 좋지 않은 성격, 행동, 손실","포도 농사를 하는 이 사람은 수확을 앞두고 지금까지 한 노력과 업적, 앞으로 어떻게 해야할지 생각하고 있습니다. 어떠한 수법을쓰지 않고 현실성 있는 꾸준한 노력으로 목표를 달성하고 보다 나아진 사정으로 새로운 선택을 할 수 있음을 나타냅니다.",부지런한 노력을 하면 성공적인 거래로 성장하거나 금전쪽에서 긍정적인 면을 볼 수 있습니다.,"너무 많은 걱정, 근심을 하지 않는것이 좋겠습니다. 돈 걱정에 지나치게 일을 하거나 너무 계산적으로 행동하면 오히려 손해를 볼 수 있으니 주의하세요.",1,0
44,펜타클 8번,Eight of Pentacles,"미숙, 노력, 새로운 기술, 좋은 솜씨","태만, 자만심, 적당히 일하는",별모양을 조각하는 이 부지런한 초보 기술자는 벽에 이미 완성한 별들이 걸려 있습니다. 이 사람은 이것을 팔아 돈을 벌 것입니다. 현실을 직시한 부지런한 노력으로 한 단계 한 단계 목표를 이루어냄을 나타냅니다.,아직 미숙한 초보자이지만 새로운 기술을 열심히 부지런하게 익히면 이것이 성공의 기반이 될 것입니다. 후에 이것이 직업으로 까지 이어질 수 있습니다.,"열정이 부족하거나 끈기가 부족해 행동으로 옮기지 않는 것에 주의하세요. 그리고 건방지거나 거만하는 행동, 꾀를 부려서 상황을 넘어가려고 하는 것은 좋지 않으므로 주의해야 합니다.",1,0
45,펜타클 9번,Nine of Pentacles,"성공, 물질적인 부, 능력, 독립심","어려움, 당하다, 결핍, 역경","풍성한 포도들 앞에 한 여인이 있습니다. 그녀는 혼자 있지만 뒤에 있는 포도들로 외로움을 모르는 것 같습니다. 그녀는 마음의 평화를 느끼고 있으며, 혼자만으로도 만족을 느끼고 있습니다. 현실적인 풍족함이 감정적으로도 이성적으로도 만족스러워 짐을 나타냅니다.",독립적이고 자유로움을 통해 진정한 부유함의 의미를 알게 됩니다. 또한 자신의 실력 또는 능력으로 물질적인 풍족을 누리게 될 것 입니다.,여러 어려움이 닥쳐 심하면 사기를 당하거나 도둑질을 당하는 등 돈을 잃거나 소중한 것을 잃을 수 있으니 주의하는것이 좋겠습니다.,1,0
46,펜타클 10번,Ten of Pentacles,"물질적 성공, 명성","부담, 좋지않은 일을 당함, 가족간의 불화",화려한 옷을 입은 늙은 신사가 두 마리의 개와 자신의 가족과 함께 살고 있습니다. 안정적이면서도 부의 축적을 이루었네요. 현실성있는 투자와 꾸준한 노려으로 성공해 있는 모습을 나타냅니다.,물질적인 부를 얻게됩니다. 좋은 계약을 하거나 친척이나 가족들로부터의 도움을 얻게 될 것입니다. 사회적 명성이나 명예로운 일로 한 단계 위로 올라갈 수 있을 것입니다.,부담되는 일로 한계를 느낄 수 있습니다. 도난이나 불행한 일 또는 손실로 일이 미완성되어 서로의 불화가 있거나 가족간의 불화가 있을 수 있으니 주의하세요.,1,0
47,펜타클 시종,Page of Pentacles,"인물, 성격, 능력, 실용적","좋지않은 상황, 생각없는, 좋지않은 성격",물질적 가치를 존중하는 소년이 치켜든 손 위로 떠 있는 오각별을 주의깊게 바라보고 있습니다. 세상의 현실적인 모습에 눈을떠 발전할 수 있는 발판을 갖게 됨을 나타냅니다.,성공과 기회의 전달자가 되어 강한 집중력과 뚜렷한 목표의식을 가지고 전문적인 지식을 익힐 수 있을 것 입니다. 신중하고 검소하고 조심성을 기르는 것이 좋습니다.,"발전이 없거나 기회를 놓쳐서 방탕하고 계획이 없는 생활이 올 수 있습니다. 법을 위반하거나 반항하거나 거짓말을 하지 않는것이 중요하고 지각, 결근, 불성실, 게으름을 주의하세요.",1,0
48,펜타클 기사,Knight of Pentacles,"믿음직한, 신중한, 인내, 차분함, 귀족적","침체, 신뢰할 수 없는, 나태, 좋지않은 성격","느리고 참을성 있는 큰 말에 타고 있으며, 이 말은 그의 특성과 잘 부합됩니다. 꾸준한 노력으로 목표를 달성해 한층 성숙해짐을 나타냅니다.",정직하게 부지런히 책임감있게 성급하지 않고 계획대로 하면 자신이 목표한 임무를 달성할 수 있을 것 입니다.,무기력하고 동기가 부족하여 열심히 하지 않을 수 있습니다. 성격으로 속 좁고 사치를 부리고 버릇없어 믿지 못할 사람이 되어 있을 수 있으니 주의하세요.,1,0
49,펜타클 여왕,Queen of Pentacles,"인물, 번영, 좋은 성격, 높은 수익","좋지않은 건강, 자신감 없는, 허영심, 좋지않은 성격","인생을 살며 획득한 많은 것을 이용하여 즐기는 삶을 사는 여왕이 앉아있습니다. 그녀는 실용적이며 물질적인 가치를 중요시하는 사람이고 공정하며, 현명합니다. 또한 자비로우며 편한 사람입니다. 넉넉한 마음에 자비로움이 더해져 보다 행복하고 번영됨을 나타냅니다.",물질적으로 부유해지고 풍부해지며 자비롭고 인내있고 마음이 넓은 모습으로 많이 보여질 것 입니다.,건강면에서 피로를 얻거나 의지박약으로 자기 능력에 대한 불신이 생길 수 있습니다. 사치하거나 쇼핑중독으로 이어질 수 있으니 주의하는것이 좋습니다.,1,0
50,펜타클 왕,King of Pentacles,"번영, 능력, 성격, 인물","타락, 좋지않은 성격, 인물","뛰어난 사업적 통찰력과 현명한 투자로 많은 재물을 획득한 왕이 앉아있습니다. 그는 많은 재물에 집착하지 않았으며, 인내와 성실로 결실을 본 것 입니다. 게다가 성품도 좋아서 아낌없이 베풀기도 합니다. 호탕한 마음과 넉넉함으로 인해 결단력있고 사교적임을 나타냅니다.",물질적 번영을 이룰수 있고 성공을 하여 안정적인 시기가 될 수 있습니다. 좋은 기회를 놓치지 않으면 좋은 인맥이나 투자 성공을 얻을 수 있을 것 입니다.,너무 이득을 보려고 하면 큰 이득을 작게 취할 수 있어 주의해야 합니다. 자신의 이익만을 추구하지 않게 주의하시고 도박이나 부정행위에도 주의하세요.,1,0
51,컵 에이스,Ace of Cups,"만족, 시작, 긍정적인 대인관계, 힐링","사랑의 실패, 불안정, 기만","컵 위로 흐르는 5개의 물줄기는 인간의 오감이 풍요롭고 만족스러운 상황을 나타냅니다. 여기에 희망의 상징 비둘기와 구름 속에서 나온 커다란 손이 은총의 기운을 보태고 있어 사랑, 기쁨 등 사람의 감정 에너지가 좋음을 상징합니다. 이 카드는 감정, 영감, 정신세계와 무의식을 상징하는 물의 요소와 관련되어 있으며 가지고 있는 순수한 감성, 감정 에너지인 사랑이나 기쁨, 자비 등이 큰 기쁨이 넘치는 행복한 결실을 맺을 수 있도록 사용되고 있다는 뜻입니다. 이에 열정적으로 무언가를 시작하면 희망적이며, 뜻밖의 즐거움이 기다리고 있을 수 있습니다.",새로운 사람과의 관계가 시작될 수 있고 대인관계에 있어서 사람들이 모여들고 그로인해 많은 혜택을 얻을 것 같습니다. 또한 부정적인 감정이나 상처받은 마음을 힐링이 될 수 있을것 같습니다.,"사랑에 실패하거나 마음이 불안해지고 우울해질 수 있고, 상대가 바람을 피거나 배신을 하는 등 속은듯한 기분을 가지게 될 수 있으니 주의하세요.",1,0
52,컵 2번,Two of Cups,"감정, 관계, 사회적, 개인적 결합, 조화","잘못된 관계, 좋지 않은 감정, 분열, 관계의 끝","젊은 남녀가 서로 기대어 있고, 그들의 컵 위로 헤르메스의 지팡이가 솟아나오며, 그 커다란 날개 사이에서 사자의 머리가 나타나 있따. 이것은 이 카드의 오래된 모델 중 한 가지의 변종입니다. 여기에는 약간 진기한 의미가 있지만, 여기에서는 상관이 없습니다.","결혼, 약혼, 계약, 동업 등 상호간의 결합으로 좋은 관계로 발전할 수 있을 것입니다. ",상대에게 실망하거나 서로의 관계가 깨질 수 있습니다. 말로인해 오해가 생길일이 있으니 조심하세요.,1,0
53,컵 3번,Three of Cups,"치유, 만족, 성장, 관계","과다, 시간 지연, 불안함, 관계의 악화","세 명의 여인이 팔을 높이들어 건배를 하고 있습니다. 또한, 발 밑에는 채소와 과일, 곡식이 많습니다. 이는 새로운 탄생, 결혼, 상처의 치유 등이 기쁘고 행복해서 건배를 하고 있습니다. 하지만 이들은 발밑에 있는 곡식과 채소를 캐내야 하므로 앞으로 할 일또한 많아보입니다. 노력했떤 과거로부터 오는 결과들로 인해 행복한 마음을 갖게됨을 나타냅니다.",목표를 달성하여 성장하고 행복감과 성취감을 얻을 수 있을 것 입니다. 또한 건강이 회복되고 여러 사람과의 관계에서 좋은 결과가 있을 것 입니다. ,모든지 너무 과하지 않는것이 좋습니다. 시간을 끌어서 결단을 미루면 어중간한 상황에 빠지게 되니 주의하세요. 사람과의 관계가 나빠질 수 있으니 주의하세요.,1,0
54,컵 4번,Four of Cups,"정체기, 부정적 사고, 피로, 놓치다","새로움, 회복, 활기",불만 가득한 젊은이가 팔짱을 끼고 앉아있습니다. 앞에 있는 3개의 컵도 불만스럽고 구름이 권하는 컵도 마음에 들지 않는가 봅니다. 이 사람은 자신에 대해 지루해서 불만이 있다고 합니다. 자신의 인생을 다른 시각으로 바라볼 피요가 있는 것 같습니다. 자신의 감정을 잘 조절하지 못하고 불안해짐으로서 지체될 수 있음을 나타냅니다. ,과거에 대해 재평가하며 연연할 수 있습니다. 혐오감이나 싫증을 느끼고 주변의 소중한 것이나 좋은 기회를 놓칠 수 있으니 주의하세요.,"과거의 문제에 대한 새로운 발견을 하거나 자신의 상태를 인식해 과거에서 벗어나 새로운 관계, 가능성, 목표를 가지고 기운을 차릴 수 있을 것 입니다.",0,1
55,컵 5번,Five of Cups,"기대 이하, 실망, 불행한 관계, 슬픔","돌아감, 새로운 미래, 관계",엎어진 컵 앞에서 검은망토의 사람이 슬퍼하고 있는 듯 합니다. 이 사람은 자신의 지난 행동에 후회를 하는 것 입니다. 그래도 뒤에 두 개의 컵이 남아있지만 앞에 엎어진 3개의 컵에 더 집착하는 모습입니다. 이것은 감정 조절이 흔들려 조화롭게 되지 못해 불안정적임을 나타냅니다.,지난 행동에 대해 후회하거나 더 많은 것을 바라는 현재에 대한 실망감이 나타날 수 있습니다. 기대 이하의 결과에 절망하고 낙담할 수 있지만 무기력에 빠지지 않게 조심하세요.,새로운 출발을 하거나 예전의 일을 다시 하게 될 수 있습니다. 옛 친구나 연인과 재회하여 좋은 일이 일어날 가능성(기회)이 찾아올 것 입니다.,0,1
56,컵 6번,Six of Cups,"과거, 과거와 관련된, 순수함","새로움, 미래, 변화","두 사람이 정다운 집과 마을에서 꽃을 주고받습니다. 이는 어린 시절의 추억을 나타냅니다. 또한, 아름다운 꽃이 들어있는 컵은 오랜 연인 또는 친구, 알고있던 사람과 새로운 만남과 과거의 노력으로 미래에 결과를 볼 수 있음을 나타내기도 합니다. ",과거를 추억하면서 과거와 관련된 여러 일들을 봅니다. 그 과거들로 인해 좋은 미래로 이끌어 나갈 수 있을 것 입니다.,지나치게 과거에 집착하는 것은 좋지 않습니다. 그 과거가 당신의 미래에 영향을 줄 수 있습니다. 과거보다 미래에 관심을 돌리면 긍정적인 변화가 올 것 입니다.,1,1
57,컵 7번,Seven of Cups,"현실성 없는, 허상","현실적, 결단","눈 앞의 컵들에는 여러가지가 들어 있습니다. 가운데 베일속에 가려진 사람은 자신을 천으로 감싸고 있고, 무엇을 골라야 할지 갈팡질팡 하고 있습니다. 이는 감정이 복잡하여 이러지도 저러지도 못하게 될 수 있음을 나타냅니다.",착각이나 망상을하여 헛된 희망을 가지지 않도록 조심해야 합니다. 또한 보고 싶은 것만 보고 듣고 싶은 것만 듣게 될 수 있으니 주의하세요.,"이상과 현실을 깨달아 자신이 가야 할 방향이 보이게 됩니다. 현명한 결정, 좋은 선택이 될 수 있을 것 같습니다.",0,1
58,컵 8번,Eight of Cups,"관심을 잃음, 새로움, 떠남, 마음을 비우다","축하할 일, 되돌림, 포기할 줄 모르는","낙심한 듯한 사람이 그에게 주어진 경사, 기획(사업기획), 인수받은 사업, 또는 이전 관심 등의 컵들을 버리고 간다. 이것은 자신이 쌓아온 감정을 이기지 못하고 회피하여 실패하게 될 수 있음을 나타냅니다.",더 이상 노력하지 않고 변심이나 싫증으로 인해 자신에게 맞는 새로운 일을 찾으러 새로운 길을 떠날 수 있습니다. 미련이 없어 더 이상의 관심이 없고 마음을 비운 상태입니다. ,여러 축하할 일들이 많이 생길 것 입니다. 또 떠난 사랑이나 우정이 다시 돌아오고 좋은쪽으로의 갑작스러운 반전이 있을 수 도 있습니다. 하지만 끝마무리를 할 때를 알지 못해 조심해야 합니다.,1,1
59,컵 9번,Nine of Cups,"행운, 안정, 육체적 만족감, 성공","불안한 현실, 잃음, 좋지 않은 상황, 욕심",참으로 만족스러운 표정을 짓고있는 사람이 가지런히 놓인 컵 안에 앉아있습니다. 이 사람은 소망을 이루어 만족해하고 있습니다. 감정을 잘 조절하여 성공적으로 행복을 이끌 수 있음을 나타냅니다.,"노력하지 않아도 행운이 있을 것 입니다. 평화롭고 정신적, 육체적으로 행운을 얻을 것이며 그와 동시에 즐거움도 얻을 것 입니다. 물질적으로 또는 자신의 목적으로 원하는 바를 모두 이룰 것 입니다.",물질적 손실이 발생하거나 신용을 잃거나 행운이 사라지고 건강이 악화될 수 있습니다. 열등감과 노력 부족으로 인해 욕심을 부리다가 실패하거나 절제하지 못하는 상황이 발생할 수 있으니 주의하세요.,1,0
60,컵 10번,Ten of Cups,"행복, 만족, 장소, 관계","좋지 않은 상황, 인간 관계의 불화, 무관심, 장소의 문제",한 부부가 무지개 앞에서 감사의 뜻으로 팔을 벌리고 있습니다. 그리고 아이들은 즐겁게 뛰놀고 있습니다. 참으로 사랑과 행복함이 가득한 가정 같습니다. 의미는 마음이 편안하고 감정이 풍부해져 행복해 질 수 있음을 나타냅니다.,"안락한 가정생활과 평과, 즐거움, 감정의 만족감과 모든것이 충만하고 평화로운 상태가 될 것입니다.",서로 폭력적이거나 우정 또는 사랑을 잃을 수 있습니다. 인간관계의 불화로 가정이 불편해지고 가족관에 무관심해 질 수 있습니다. 또한 지역이나 집에 대한 문제가 일어날 수 있으니 주의하세요.,1,0
61,컵 시종,Page of Cups,"소식, 영감이 뛰어남, 감정 풍부, 인물","불안정, 좋지않은 성격, 책임감 없는, 금전적인 감각이 떨어짐",컵에서 나오고 있는 물고기를 응시하는 소년은 창조적인 상상력이나 새로운 생명의 탄생을 나타냅니다. 차오르는 감정을 새로운 마음으로 순수하게 이끌어 갈 수 있음을 나타냅니다.,만족스러운 소식이 들릴 것 입니다. 감정이 풍부해져 상처받기 쉽고 마음이 따듯하며 사람들의 기분을 잘 파악할 수 있습니다. 속임수를 쓰거나 나쁜 버릇이 나올 수 있으니 주의하시고 금전적인 감각이 떨어져 기분에 따라 돈을 쓰거나 주변에 돈을 구하는 등의 일이 일어날 수 있으니 주의하세요.,,1,0
62,컵 기사,Knight of Cups,"인물, 만남, 시작, 관계, 받다, 하다","좋지않은 사람, 좋지않은 성격, 관계, 좋지않은 상황","창조적인 상상력을 뜻하는 물고기 장식 갑옷을 입고 있는 이 기사는 완벽함을 추구합니다. 또한, 기사이므로 도전적이며, 감성을뜻하는 컵으로 그는 매력적이고 호소력이 있음을 나타냅니다.","새로운 만남으로 이성이나 자신에게 도움이 되는 좋은 파트너와의 만남이 될 수 있습니다. 금전적 지원이나 청혼, 기회, 좋은 일거리를 제의받을 수 있습니다.",진심없이 겉으로만 보여주는 사람이나 간사한 사람을 만날 수 있으니 주의하세요. 두 사람 사이에 방해하는 사람이 생기거나 서로 외관상의 사랑을 하는 경우가 생길 수 있습니다. 자제력이 부족하거나 너무 감정적이게 될 수 있고 유혹에 넘어갈 수 있으니 주의하세요.,1,0
63,컵 여왕,Queen of Cups,"예민한 감수성, 인물, 비즈니스","좋지않은 성격, 바르지 못한, 좋지못한 관계","늘어뜨린 옷이 물과 접하고 있습니다. 이는 감정의 깊이를 이해하는 경지에 다다랐음을 나타냅니다. 들고있는 컵의 뚜껑은 여왕의 생각이 무의식 세계에 있다는 뜻이며, 그녀의 시선은 내부적인 정신세계에도 깊이 열중하고 있음을 나타냅니다. 따듯한 감성이 가득하고 감수성이 예민하며 친절한 마음을 나타냅니다.",뛰어난 직감과 통찰력으로 감정의 세계에 몰두하는 경우가 많습니다. 타인과 공감을 잘 하는 사람으로 친절하고 부드러운 사람이 되어있을 가능성이 높습니다. 서비스업이나 예술과 문학 등의 일에 좋을 것입니다.,감정의 기복이 심해 신경질적이고 제멋대로이며 망상에 빠지기 쉽습니다. 공과 사를 부멸하지 못하거나 삐뚤어진 시각과 사고방식으로 의심을 많이 해 서로 의심하는것을 주의해야 합니다.,1,0
64,컵 왕,King of Cups,"뛰어난 영감, 자애로운, 안정된","기복이 심한, 좋지않은 인격, 좋지않은 상황",물(감정)에 발을 담그지 않고 있는 왕은 쉽게 감정에 빠지지 않습니다. 다만 감정을 지배해 자기의 뜻대로 분위기를 바꿀 수 있습니다. 이는 감정을 창조적으로 다루며 사려깊고 현명한 조언가임을 나타냅니다.,문제의 핵심을 제대로 파악해 자애롭게 열린 마음과 넓은 이해심으로 수용적인 태도로 어떤 사람과도 잘 지내며 혼란이 있어도 잘 대응할것입니다. ,감정의 기복이 심하고 예민합니다. 이중인격에 강자에 약하고 약자에 강한 경우가 많습니다. 좋지 않은 상황에 손해를 당하거나 사기를 당하거나 큰 빚을 지는 등의 일이 있을 수 있으니 주의하세요.,1,0
65,소드 에이스,Ace of Swords,"강한 정신력, 승리, 성취욕, 지성","욕심에서 비롯된 실패, 폭력, 자멸","구름 속에서 나타나 손에 잡혀진 검에는 승리의 상징인 올리브 나뭇가지와 성취의 상징인 왕관이 검에 들려져 있습니다. 검이란 본디 고통과 상처 등을 내기 때문에 사용하지 않는 것이 가장 좋지만 사용을 해야 한다면 싸워 이겨야함을 의미합니다. 에이스 카드는 이런 장애물을 극복하고 승리할 수 있음을 말하고 있습니다. 검의 패 특징은 이성적 판단, 논리적인 생각이 요구되는 것으로 차분히 생각하고 목표와 원칙을 확립한 후 나아간다면 승리를 쟁취할 수 있습니다. ",상승에 대한 강한 욕망으로 목표를 향해 전진하다보면 여러 역경과 시련을 겪게 됩니다. 하지만 이를 악물고 노력해서 시련을 뚫고 승리를 쟁취할 수 있게 될 것입니다.,본인의 의지가 너무 강해서 주변인들이 따라오지 못하는 경우가 있을 수 있습니다. 이는 자신과 타인 모두에게 가혹한 행위가 될 수 있으며 자신과 주변 사람들을 심하게 추궁하지 않는것이 중요합니다. 또한 이것이 자기 자멸로 이어지지 않게 주의하세요. ,1,0
66,소드 2번,Two of Swords,"갈등이 내재하는 균형, 위험해지는 상황, 표면적인, 선입관","상황 파악, 대책없는 행동, 그릇된 행동",눈이 가려져 불안해보이는 여자가 2개의 검을 균형있게 들고 있습니다. 이 여자는 어떻게 해야할지 모르는 상태입니다. 아직 처음이라 불안한 요소도 있지만 정신려을 발휘하여 불안한 시기를 극복해야 함을 나타냅니다. ,균형있는 갈등이 이루어지며 이 상황을 유지하기가 점점 힘들어집니다. 편견을 가지지 않으며 가식적인 면에 주의하세요.,처한 상황을 알아차리는 것과 자신의 생각을 정리하여 대처하는 방법이 중요합니다. 계획과 행동이 어긋나거나 섣부른 판단으로 행동하지 않게 주의하세요. 또 배신이나 거짓말도 주의하시는것이 좋습니다.,0,0
67,소드 3번,Three of Swords,"시련, 아픔, 깨어진 관계","불화, 혼란, 잘못","하트에 세 자루의 칼이 꽂혀있습니다. 이는 감정의 결렬함을 통해 갈등과 이별을 나타냅니다. 감성이 어떠한 사실으로 인해 고통을 받고, 그로 인해 정신적인 성장이 있음을 나타냅니다.","피할 수 없는 정신적, 육체적인 시련으로 인해 슬픔, 실망을 크게 얻을 수 있습니다. 사람과 관계가 깨질 수 있으니 주의하세요.","어떤 문제의 불화, 그 문제에 대해 혼잡하고 멍한상태가 지속될 수 있습니다. 잘못이나 실수로 인해 손실이 일어날 수 있으니 주의하세요.",0,0
68,소드 4번,Four of Swords,"휴식, 회복기간, 고독, 연기","활동, 충만함, 다시 시작, 복구",기사가 관 위에서 휴식을 취하고 있습니다. 이는 정신력에 감성이 융합되어 보다 안정적일 수 있음을 나타냅니다.,충분한 휴식을 취하는것이 중요할 것으로 보입니다. 일이 연기되어 결과가 늦어질 수도 있지만 충분한 휴식으로 충전 기간이 필요하며 건강을 회복하고 병이 호전될 것 으로 보입니다. 본인이 가지고 있는 긴장과 걱정이 완화될 수 있을 것 입니다.,에너지를 충전해 충분한 기력으로 서서히 활동을 재개하고 일상으로 복귀가 가능할 것입니다. 본인이 잃은것이 있다면 잃은것을 조금씩 되돌려 놓을 수 있을 것입니다.,0,1
69,소드 5번,Five of Swords,"악의, 낮은 자존감, 앞서가려는 생각, 인간 관계의 불화","잃음, 실패의 반복, 슬픔과 비탄",승리자 처럼 의기양양 해보이는 사람 뒤로 두 명이 검을 버리고 도망가고 있습니다. 이 카드는 패배자에게 초점이 맞춰집니다. 어떠한 커다란 정신적인 압박으로 크게 움추려 들거나 쉽게 포기할 수 있음을 나타냅니다.,질투로 인해 자신의 존재감이 낮거나 정체성을 잃어버린 상태가 될 수 있습니다. 사기를 치거나 당할 수 있으니 조심하세요. 눈 앞의 이득만 생각하지 말고 이기는 것에만 너무 치중하지 않는것이 중요합니다.,모든 것을 빼앗기거나 희생당할 수 있습니다. 인간관계에 불화를 가져올 수 있으며 아주 큰 타격이 될 것입니다. 만약 다툼이 있었다면 그 다툼이 오래 갈 것입니다.,0,0
70,소드 6번,Six of Swords,"여행, 긍정적인 변화, 끈기","궁지, 부정적인 변화, 원치 않은 상황","강을 건너는 배에는 뱃사공과 슬픔, 고통의 흔적을 가진 여인, 어린이가 있습니다. 오른쪽 강물은 거칠지만 왼쪽 강물은 잔잔합니다. 이는 정신적인 고통을 승화시켜 보다 안정적인 상태로 전환 될 수 있음을 나타냅니다.",순조롭게 흘러가다 중요한 변화의 시기가 올 것입니다. 이것이 중요한 전환기가 될 것이며 이 때를 넘기면 성공이 찾아 올 것입니다. 이 어려움을 극복하려는 노력과 버티는 끈기가 필요할 것 입니다.,"근심이 계속되고 순조롭지 못하게 흘러갑니다. 원하지 않는 좋지 못한 상황으로 흘러갈 수 있으며, 서로간의 관계나 사이가 멀어지고 목표에서 점점 멀어질 확률이 있으니 주의하세요.",1,0
71,소드 7번,Seven of Swords,"불안정, 신중, 도망가다, 도둑질","교활함, 악의를 가진 도둑, 나쁜의도의 행동",어떤 남자가 5개의 검을 나르고 있습니다. 하지만 2개의 검이 바닥에 있습니다. 이는 완벽하지 못한 상태에서 급한 행동을 나타냅니다. 자신을 과대평가 하고 있다고 할 수도 있겠습니다.,"불안정한 계획을 세우면 서두르지 말고 신중하게 자신감을 가지고 실행해야 합니다. 본인이 한 일에 대한 책임을 회피하는 일이 있을 수 있으며, 도둑질하거나 도난당하는 일이 있을 수 있으니 주의하세요.",험담을 듣게되거나 이간질을 당할 수 있습니다. 내부에 적이 있어 악의를 가지고 도망칠 수 있으니 조심해야 합니다.,0,0
72,소드 8번,Eight of Swords,"위기, 속박, 좋지 않은 건강, 두려움","걱정, 좋아지는 상황, 회복",한 여자가 묶이고 눈이 가린 채로 검에 둘러싸여 있습니다. 이는 정신력이 부족하여 위기에 처해 있다는것을 말하고 있습니다. 새로운 마음가짐이 절실히 필요함을 나타냅니다.,선택권이 없이 묶여있어 속수무책으로 당할 수 있습니다. 혼란스러움이 있을 수 있으며 육체적으로나 정신적으로 질병을 얻을 수 있으니 조심하세요.,불안이나 근심이 많지만 이것에서 점점 좋아지는 상황이 올 것입니다. 마음을 바로잡고 자신의 문제를 자각해서 자립심이 생기도록 마음을 잘 다잡는것이 좋겠습니다.,0,1
73,소드 9번,Nine of Swords,"불안감, 관계에 대한 아픔, 슬픈 상황, 외로움","해결, 알아차림, 다시 일어섬","아홉개의 검 밑에서 악몽을 꾼 듯한(또는 큰 근심에 빠진듯한) 여자가 있습니다. 이 여자는 충분한 휴식과 수면, 긍정적인 마음이 많이 필요해 보입니다. 이 카드는 정신력이 약간 부족함을 나타냅니다. 보다 객관적, 진취적으로 문제를 해결하기 보다는 마음의 여유가 필요함을 나타내고 있습니다.","내면으로부터 나오는 불안감과 머리에서 떠나지 않는 불안감으로 정신적인 고통을 얻을 수 있습니다. 슬픔, 후회, 병에 걸리거나 가까운 이의 죽음, 외로움, 고독 등 극복해야 할 쓸데없는 절망감이 올 수 있으니 주의하시길 바랍니다.",가지고 있는 불안이나 걱정들이 서서히 해결되고 있는 상태입니다. 절망과 고뇌로부터 일어서고 과거를 뒤로 하고 마음가짐을 새로이 하는 것이 좋겠습니다. 그 전에 자신을 객관적으로 바라보고 무엇이 문제인지 알며 마음을 굳게 다잡는것이 중요해 보입니다.,0,1
74,소드 10번,Ten of Swords,"고통, 최악의 결말, 번민","치유, 개선, 성장",카드에 그려져 있는 검에 찔린 사람이 엎드려 있습니다. 이 카드는 냉철한 시련의 카드입니다. 주위의 따뜻한 감성이 절실함을 나타낸다고 할 수 있습니다.,"파멸이나 고통, 정신적인 고뇌로 인해 최악의 결말을 맞이할 수도 있으니 주의하는것이 좋습니다.",깊은 상처를 입었지만 시간이 지나 상황이 좋아져서 새로운 시작을 할 수 있을 것입니다. 이를통해 정신적인 성장과 성숙을 얻을 수 있을것입니다.,0,1
75,소드 시종,Page of Swords,"경계, 성격, 활동적인, 능력","배신, 좋지않은 성격, 비열한, 종지않은 상황","계산적이고 냉정한 이 청년은 날카로운 지성으로 분별력이 뛰어납니다. 어떤 사람들은 이 소년을 기만적인 사람으로 경계할 수 있습니다. 매사를 신중하게 생각하고 발랄, 생동감이 있음을 나타냅니다.","뚜렷만 목적 의식을 가지고 계획적으로 냉정한 판단으로 현실을 직시하여 움직여야 합니다. 단, 주위를 경계하며 조심하며 행동해야 할 것입니다.",자기중심적이고 냉담하고 이기적일 수 있으며 남에게 피해를 주거나 무례한 행동은 자제하도록 노력해야합니다. 병에 걸릴 가능성이 있고 신경이 예민해져 불쾌한 상황이 있을 수 있으니 주의해야 합니다.,1,0
76,소드 기사,Knight of Swords,"용감, 성공적, 능력, 매력","성급함, 좋지않은 성격, 금전적 실패","날카로운 지성의 소유자인 검의 기사는, 냉정하면서도 매력적이고 사람을 끄는 개성이 있습니다. 하지만 그 냉정으로 사람들이 좋아하진 않습니다. 다소 공격적이며 두려움 없이 미지의 세계에 도전하는 젊은이의 힘을 상징합니다. 지적인 모습, 지식 등을 바탕으로 용감하고 신속하게 결정을 내리는 모습을 나타냅니다.",용맹하고 대담하게 여러 어려움과 도전이 다가와도 굴하지 않고 정면승부 하면 강하게 밀어붙여서 성공하거나 성과가 있을 것 입니다.,"생각없이 맹목적으로 돌진해 실수하거나 경솔한 행동을 하지 않도록 주의해야 합니다. 상대에게 무례하거나 강요가 될 수 있고, 금전적인 면에서 투자에 실패할 수 있으니 조심하세요.",1,0
77,소드 여왕,Queen of Swords,"인물, 관계, 강한 성격, 곧고 날카로운","좋지못한 성격, 부정적, 믿지 못할","조금 엄숙해보이는 여왕의 얼굴은 우울한 느낌입니다. 슬픔의 흔적을 간직하고 외롭게 지내는 그녀는 지각이 뛰어나 의지와 결단력이 있으며, 자신의 상처도 슬기롭게 대처합니다. 보다 직관적으로, 감성보다는 지성적으로 결정을 확실하게 처리 할 수 있음을 나타낼 수 있습니다.",불굴의 의지와 강한 집중력으로 이 일을 잘 처리할 수 있을 것 입니다. 신중하고 눈치빠르게 합리적이고 당당한 선택을 할 수 있을 것입니다. 관계에서는 이별을 할 수 있음을 주의하세요.,"지나치게 비판적이고 경계심이 강하며 의존하려는 마음이 많이 들 것입니다. 본인에게 어려운 시기가 될 것이며 교활하거나 배신, 이용당하지 않게 주의하세요.",1,0
78,소드 왕,King of Swords,"균형, 강한 카리스마, 엄격한","잔인한, 악의, 충돌, 극단적인","검의 왕은 이 슈트의 상징, 즉 칼집에서 꺼낸 검을 들고 판단을 내리고 있습니다. 그는 진실과 정의를 강조하며 왕의 이미지인 만큼 권위적, 명령적이며 사람들로부터 두려움과 존경을 받습니다. 미신이나 감각에 의지하기 보다는 객관적인 자료와 지식, 경험 등이 바탕이 되어 확신에 찬 결단을 내리는 모습을 나타냅니다.",냉철한 판단으로 따듯함이 없는 단호하고 강한 결단력을 가지고 있습니다. 이 결정은 논리적이면서 공평한 결정이 될 것입니다. 하지만 이 결정이 독단적인 결정이 되지 않도록 주의하세요.,깊은 원한으로 복수심에 불타 보복이나 잔혹한 생각 또는 의도적으로 상처를 주고 싸움을 거는 일이 있을 수 있으니 주의하시는 것이 좋습니다.,1,0
